study_id,chrom,pos,ref,alt,gene_id,proteinAttenuation,gs_confidence,gs_set,gs_confidence_num,gold_standard_status,trait_reported,source,has_sumstats
GCST002442_19,5,177415473,T,C,ENSG00000131187,0.260109636,High,ProGeM,1,1,"Blood metabolite ratios [X-12038/bradykinin, des-arg(9]",GCST,FALSE
GCST002443_128,19,12899706,A,G,ENSG00000105607,0.116959018,High,ProGeM,1,1,Blood metabolite levels [glutaroyl carnitine],GCST,FALSE
GCST002364_9,19,32873722,C,T,ENSG00000021488,,High,ProGeM,1,1,"Urinary metabolites (H-NMR features) [1.7325, Lysine]",GCST,FALSE
GCST002442,15,50184941,C,T,ENSG00000140284,0.075687585,High,ProGeM,1,1,Blood metabolite ratios [10-undecenoate (11:1n1)/X-11438],GCST,FALSE
GCST002443_164,3,67365898,T,C,ENSG00000172340,0.190739357,High,ProGeM,1,1,Blood metabolite levels [succinylcarnitine],GCST,FALSE
GCST002443_25,15,89802104,G,A,ENSG00000166825,0.075659746,High,ProGeM,1,1,Blood metabolite levels [HWESASXX],GCST,FALSE
GCST002443_115,10,95636205,T,C,ENSG00000059573,0.091013567,High,ProGeM,1,1,Blood metabolite levels [citrulline],GCST,FALSE
GCST002442_40,10,100315722,G,A,ENSG00000099194,0.130263425,High,ProGeM,1,1,Blood metabolite ratios [myristate (14:0)/myristoleate (14:1n5],GCST,FALSE
GCST002443_170,22,50533323,A,C,ENSG00000025708,0.067619836,High,ProGeM,1,1,Blood metabolite levels [uridine],GCST,FALSE
GCST002443_109,3,186736391,A,C,ENSG00000113889,,High,ProGeM,1,1,"Blood metabolite levels [bradykinin, des-arg(9]",GCST,FALSE
GCST002442_28,17,63488670,G,A,ENSG00000159640,0.036190618,High,ProGeM,1,1,Blood metabolite ratios [aspartylphenylalanine/X-14450--phenylalanylleucine],GCST,FALSE
GCST002443_148,19,18508057,G,A,ENSG00000105655,-0.072378594,High,ProGeM,1,1,Blood metabolite levels [myo-inositol],GCST,FALSE
GCST002443_161,1,119667132,T,C,ENSG00000092621,0.017855985,High,ProGeM,1,1,Blood metabolite levels [serine],GCST,FALSE
GCST002443_22,8,144100505,C,T,ENSG00000178814,0.034999534,High,ProGeM,1,1,Blood metabolite levels [5-oxoproline],GCST,FALSE
GCST002364_35,19,48725015,T,C,ENSG00000176920,,High,ProGeM,1,1,"Urinary metabolites (H-NMR features) [5.2125, Fucose]",GCST,FALSE
GCST002443_104,12,211754,T,A,ENSG00000111181,,High,ProGeM,1,1,Blood metabolite levels [betaine],GCST,FALSE
GCST002443_140,15,76738451,A,G,ENSG00000140374,0.241642082,High,ProGeM,1,1,Blood metabolite levels [isobutyrylcarnitine],GCST,FALSE
GCST002443_118,4,158709665,T,C,ENSG00000171503,0.158591835,High,ProGeM,1,1,Blood metabolite levels [decanoylcarnitine],GCST,FALSE
GCST002443_140,6,160143444,C,G,ENSG00000175003,,High,ProGeM,1,1,Blood metabolite levels [isobutyrylcarnitine],GCST,FALSE
GCST002442_46,5,132329685,A,G,ENSG00000197375,,High,ProGeM,1,1,Blood metabolite ratios [valine/isovalerylcarnitine],GCST,FALSE
GCST002442_15,19,47881800,C,A,ENSG00000105398,,High,ProGeM,1,1,"Blood metabolite ratios [X-11440/4-androsten-3beta,17beta-diol disulfate 2]",GCST,FALSE
GCST002443_117,22,24606114,C,T,ENSG00000100031,0.150086246,High,ProGeM,1,1,Blood metabolite levels [cysteine-glutathione disulfide],GCST,FALSE
GCST002442_23,1,75696204,T,C,ENSG00000117054,0.132614638,High,ProGeM,1,1,Blood metabolite ratios [acetylcarnitine/hexanoylcarnitine],GCST,FALSE
GCST002388_18,11,118678873,G,A,ENSG00000118094,,High,ProGeM,1,1,Serum metabolite levels [Trehalose],GCST,FALSE
GCST002443_167,4,155887136,C,T,ENSG00000151790,,High,ProGeM,1,1,Blood metabolite levels [tryptophan],GCST,FALSE
GCST002443_34,8,66448490,C,T,ENSG00000147576,,High,ProGeM,1,1,"Blood metabolite levels [X-04499--3,4-dihydroxybutyrate]",GCST,FALSE
GCST002443_142,16,87845216,G,A,ENSG00000103257,-0.001530542,High,ProGeM,1,1,Blood metabolite levels [kynurenine],GCST,FALSE
GCST002442_26,19,54172738,C,T,ENSG00000125505,0.121759658,High,ProGeM,1,1,Blood metabolite ratios [arachidonate (20:4n6)/1-arachidonoylglycerophosphoinositol],GCST,FALSE
GCST002443_136,6,16287961,G,A,ENSG00000137198,-0.074060935,High,ProGeM,1,1,Blood metabolite levels [hypoxanthine],GCST,FALSE
GCST002442_42,16,58795886,T,C,ENSG00000125166,0.141235039,High,ProGeM,1,1,Blood metabolite ratios [phenyllactate (PLA)/phenylalanine],GCST,FALSE
GCST002443_104,5,79050946,T,C,ENSG00000145692,,High,ProGeM,1,1,Blood metabolite levels [betaine],GCST,FALSE
GCST002443_110,12,120722812,A,G,ENSG00000122971,0.041815204,High,ProGeM,1,1,Blood metabolite levels [butyrylcarnitine],GCST,FALSE
GCST002443_135,3,183037421,T,G,ENSG00000078070,0.251550629,High,ProGeM,1,1,Blood metabolite levels [hydroxyisovaleroyl carnitine],GCST,FALSE
GCST002443_128,1,53230210,T,C,ENSG00000157184,0.166819132,High,ProGeM,1,1,Blood metabolite levels [glutaroyl carnitine],GCST,FALSE
GCST002443_109,4,186253529,A,G,ENSG00000164344,,High,ProGeM,1,1,"Blood metabolite levels [bradykinin, des-arg(9]",GCST,FALSE
GCST002391,6,42958065,T,C,ENSG00000124713,,High,ProGeM,1,1,Plasma homocysteine levels (post-methionine load test),GCST,FALSE
GCST002442_10,2,73641201,A,G,ENSG00000144035,,High,ProGeM,1,1,Blood metabolite ratios [N-acetylornithine/myo-inositol],GCST,FALSE
GCST002388_14,11,67653870,T,C,ENSG00000132744,,High,ProGeM,1,1,Serum metabolite levels [N-acetylphenylalanine],GCST,FALSE
GCST002442_44,15,40411012,A,G,ENSG00000128928,0.059466473,High,ProGeM,1,1,Blood metabolite ratios [propionylcarnitine/isovalerylcarnitine],GCST,FALSE
GCST002443_31,7,150846633,T,G,ENSG00000002726,,High,ProGeM,1,1,Blood metabolite levels [X-03056--N-[3-(2-Oxopyrrolidin-1-yl)propyl]acetamide],GCST,FALSE
GCST002442,1,46866294,A,G,ENSG00000187048,,High,ProGeM,1,1,Blood metabolite ratios [10-undecenoate (11:1n1)/X-11438],GCST,FALSE
GCST002442_37,1,151958169,T,C,ENSG00000159445,0.11775709,High,ProGeM,1,1,"Blood metabolite ratios [linoleate (18:2n6)/X-12442--5,8-tetradecadienoate]",GCST,FALSE
GCST002391,21,43067923,T,C,ENSG00000160200,-0.034299925,High,ProGeM,1,1,Plasma homocysteine levels (post-methionine load test),GCST,FALSE
GCST002443_137,9,128809748,G,A,ENSG00000171097,0.150356495,High,ProGeM,1,1,Blood metabolite levels [indolelactate],GCST,FALSE
GCST002442_43,3,53248172,T,C,ENSG00000163931,0.045428894,High,ProGeM,1,1,Blood metabolite ratios [phosphate/erythronate],GCST,FALSE
GCST002443_154,2,27201768,G,A,ENSG00000138074,0.109814192,High,ProGeM,1,1,Blood metabolite levels [pantothenate],GCST,FALSE
GCST006867,11,92975544,C,G,ENSG00000134640,,High,T2D Knowledge Portal,1,1,Type 2 diabetes,GCST,TRUE
GCST006867,4,6301295,C,T,ENSG00000109501,0.121597334,High,T2D Knowledge Portal,1,1,Type 2 diabetes,GCST,TRUE
GCST006867,6,7281421,A,G,ENSG00000124782,0.117754632,High,T2D Knowledge Portal,1,1,Type 2 diabetes,GCST,TRUE
GCST006867,12,27812217,C,T,ENSG00000087448,,Medium,T2D Knowledge Portal,2,1,Type 2 diabetes,GCST,TRUE
GCST006879_5,8,144476070,A,C,ENSG00000167701,0.179719061,High,ProGeM,1,1,Blood metabolite levels [Alanine / Aspartic acid],GCST,FALSE
GCST006867,8,117172786,G,A,ENSG00000164756,,High,T2D Knowledge Portal,1,1,Type 2 diabetes,GCST,TRUE
GCST006867,7,14858657,C,T,ENSG00000136267,,Medium,T2D Knowledge Portal,2,1,Type 2 diabetes,GCST,TRUE
GCST006879_17,9,129102748,C,T,ENSG00000095321,-0.043068834,High,ProGeM,1,1,Blood metabolite levels [Methylmalonylcarnitine],GCST,FALSE
GCST006867,9,4291928,A,C,ENSG00000107249,,High,T2D Knowledge Portal,1,1,Type 2 diabetes,GCST,TRUE
GCST006867,3,12353341,C,T,ENSG00000132170,,High,ChEMBL_IV,1,1,Type 2 diabetes,GCST,TRUE
GCST006867,10,69709758,G,A,ENSG00000122859,,High,T2D Knowledge Portal,1,1,Type 2 diabetes,GCST,TRUE
GCST006867,5,102764872,C,T,ENSG00000145730,0.103664111,High,T2D Knowledge Portal,1,1,Type 2 diabetes,GCST,TRUE
GCST006867,7,44209229,G,A,ENSG00000106633,,High,T2D Knowledge Portal,1,1,Type 2 diabetes,GCST,TRUE
GCST006867,7,15024630,G,T,ENSG00000136267,,Medium,T2D Knowledge Portal,2,1,Type 2 diabetes,GCST,TRUE
GCST006879_4,6,110438805,A,G,ENSG00000004809,,High,ProGeM,1,1,Blood metabolite levels [Acylcarnitine total],GCST,FALSE
GCST006867,7,157191153,A,G,ENSG00000130675,,High,T2D Knowledge Portal,1,1,Type 2 diabetes,GCST,TRUE
GCST006867,17,63610240,C,T,ENSG00000159640,0.036190618,Medium,ChEMBL_IV,2,1,Type 2 diabetes,GCST,TRUE
GCST006867,12,4297115,A,G,ENSG00000118971,,Medium,T2D Knowledge Portal,2,1,Type 2 diabetes,GCST,TRUE
GCST006867,10,112998590,C,T,ENSG00000148737,,Medium,T2D Knowledge Portal,2,1,Type 2 diabetes,GCST,TRUE
GCST006867,5,14847222,G,A,ENSG00000154122,,High,T2D Knowledge Portal,1,1,Type 2 diabetes,GCST,TRUE
GCST006867,12,121018813,G,T,ENSG00000135100,,High,T2D Knowledge Portal,1,1,Type 2 diabetes,GCST,TRUE
GCST006867,12,123007025,G,A,ENSG00000150967,,Medium,T2D Knowledge Portal,2,1,Type 2 diabetes,GCST,TRUE
GCST006867,11,72722053,A,C,ENSG00000214530,0.055285828,Medium,T2D Knowledge Portal,2,1,Type 2 diabetes,GCST,TRUE
GCST006867,16,75209874,C,A,ENSG00000050820,0.261931414,Medium,T2D Knowledge Portal,2,1,Type 2 diabetes,GCST,TRUE
GCST006867,3,171048829,G,A,ENSG00000163581,,Medium,T2D Knowledge Portal,2,1,Type 2 diabetes,GCST,TRUE
GCST007847,7,44135258,T,G,ENSG00000106633,,High,T2D Knowledge Portal,1,1,Type 2 diabetes,GCST,FALSE
GCST007847,4,6331942,G,T,ENSG00000109501,0.121597334,High,T2D Knowledge Portal,1,1,Type 2 diabetes,GCST,FALSE
GCST007798,5,111066174,T,C,ENSG00000145777,,Medium,ChEMBL_III,2,1,Asthma,GCST,FALSE
GCST007847,11,2176056,A,G,ENSG00000167244,0.124582895,High,T2D Knowledge Portal,1,1,Type 2 diabetes,GCST,FALSE
GCST007847,6,39314595,G,A,ENSG00000112164,,Medium,ChEMBL_IV,2,1,Type 2 diabetes,GCST,FALSE
GCST007847,7,127613496,C,T,ENSG00000106331,,High,T2D Knowledge Portal,1,1,Type 2 diabetes,GCST,FALSE
GCST007847,6,39071364,A,G,ENSG00000112164,,High,ChEMBL_IV,1,1,Type 2 diabetes,GCST,FALSE
GCST007847,15,62102065,G,C,ENSG00000205502,,Medium,T2D Knowledge Portal,2,1,Type 2 diabetes,GCST,FALSE
GCST007843,12,48021974,G,T,ENSG00000111424,0.050835618,High,ChEMBL_IV,1,1,Rheumatoid arthritis,GCST,FALSE
GCST007847_2,11,2269820,G,A,ENSG00000167244,0.124582895,High,T2D Knowledge Portal,1,1,Type 2 diabetes [Conditioned],GCST,FALSE
GCST007847,10,69513601,G,A,ENSG00000122859,,High,T2D Knowledge Portal,1,1,Type 2 diabetes,GCST,FALSE
GCST007847,12,108219374,G,A,ENSG00000075035,,High,T2D Knowledge Portal,1,1,Type 2 diabetes,GCST,FALSE
GCST007847,19,45663346,C,T,ENSG00000010310,,High,T2D Knowledge Portal,1,1,Type 2 diabetes,GCST,FALSE
GCST007847,17,7044134,C,G,ENSG00000174326,,High,T2D Knowledge Portal,1,1,Type 2 diabetes,GCST,FALSE
GCST006061,4,148016386,C,G,ENSG00000151623,,High,ChEMBL_IV,1,1,Atrial fibrillation,GCST,FALSE
GCST006085,10,102654464,A,G,ENSG00000148795,,Medium,ChEMBL_IV,2,1,Prostate cancer,GCST,TRUE
GCST006085,6,30633455,A,G,ENSG00000196230,0.139788461,High,ChEMBL_IV,1,1,Prostate cancer,GCST,TRUE
GCST006061_3,3,38592651,C,A,ENSG00000183873,,High,ChEMBL_IV,1,1,Atrial fibrillation [EA],GCST,FALSE
GCST006061,17,70341044,C,G,ENSG00000123700,,Medium,ChEMBL_IV,2,1,Atrial fibrillation,GCST,FALSE
GCST006085,12,48025835,A,C,ENSG00000111424,0.050835618,Medium,ChEMBL_III,2,1,Prostate cancer,GCST,TRUE
GCST006061,5,143270839,T,C,ENSG00000113580,0.007876526,High,ChEMBL_IV,1,1,Atrial fibrillation,GCST,FALSE
GCST006085,11,113936459,G,A,ENSG00000166736,,High,ChEMBL_IV,1,1,Prostate cancer,GCST,TRUE
GCST006085,1,150685811,A,G,ENSG00000143387,-0.080971767,Medium,ChEMBL_III,2,1,Prostate cancer,GCST,TRUE
GCST002293,12,111803962,G,A,ENSG00000111275,0.043744596,High,ChEMBL_IV,1,1,Alcohol dependence,GCST,FALSE
GCST002223,16,67894139,G,A,ENSG00000213398,,High,ProGeM,1,1,HDL cholesterol,GCST,TRUE
GCST002223,9,104902020,C,T,ENSG00000165029,0.011193087,High,ProGeM,1,1,HDL cholesterol,GCST,TRUE
GCST002223,1,230159944,G,A,ENSG00000143641,0.066625995,High,ProGeM,1,1,HDL cholesterol,GCST,TRUE
GCST002223,14,104810872,G,A,ENSG00000142208,0.158215763,High,ProGeM,1,1,HDL cholesterol,GCST,TRUE
GCST002223,1,156730859,T,G,ENSG00000163382,0.073037183,High,ProGeM,1,1,HDL cholesterol,GCST,TRUE
GCST002223,20,44413724,C,T,ENSG00000101076,-0.204226385,High,ProGeM,1,1,HDL cholesterol,GCST,TRUE
GCST002223,15,58391167,A,G,ENSG00000166035,,High,ProGeM,1,1,HDL cholesterol,GCST,TRUE
GCST002222,16,72074194,G,A,ENSG00000257017,,High,ProGeM,1,1,LDL cholesterol,GCST,TRUE
GCST002222,7,44542732,A,G,ENSG00000015520,,High,ProGeM,1,1,LDL cholesterol,GCST,TRUE
GCST002223,11,75743976,C,A,ENSG00000062282,,High,ProGeM,1,1,HDL cholesterol,GCST,TRUE
GCST002222,2,21041028,G,A,ENSG00000084674,0.07399965,High,ProGeM,1,1,LDL cholesterol,GCST,TRUE
GCST002222,17,66214462,A,C,ENSG00000091583,,High,ProGeM,1,1,LDL cholesterol,GCST,TRUE
GCST004988,12,114668883,C,A,ENSG00000135111,-0.12772326,High,otg_curated_191108,1,1,Breast cancer,GCST,TRUE
GCST004988,22,28876649,C,T,ENSG00000183765,0.131218282,High,otg_curated_191108,1,1,Breast cancer,GCST,TRUE
GCST004988,6,151634779,A,G,ENSG00000091831,0.09668395,High,ChEMBL_IV,1,1,Breast cancer,GCST,TRUE
GCST004988,14,68513118,T,C,ENSG00000185650,0.189054527,High,otg_curated_191108,1,1,Breast cancer,GCST,TRUE
GCST004988,2,201258707,C,T,ENSG00000064012,0.209844838,High,otg_curated_191108,1,1,Breast cancer,GCST,TRUE
GCST004988,1,155176305,G,A,ENSG00000160752,0.044729572,Medium,ChEMBL_IV,2,1,Breast cancer,GCST,TRUE
GCST004988,8,127359926,A,G,ENSG00000136997,,High,otg_curated_191108,1,1,Breast cancer,GCST,TRUE
GCST004988,6,152111767,C,T,ENSG00000091831,0.09668395,High,ChEMBL_IV,1,1,Breast cancer,GCST,TRUE
GCST004988,2,24906604,A,G,ENSG00000119772,0.145644385,High,otg_curated_191108,1,1,Breast cancer,GCST,TRUE
GCST004963,6,46709361,C,A,ENSG00000146070,,Medium,ChEMBL_III,2,1,Lipoprotein phospholipase A2 activity in cardiovascular disease,GCST,FALSE
GCST004988,18,44831838,G,C,ENSG00000152217,,High,otg_curated_191108,1,1,Breast cancer,GCST,TRUE
GCST004988,11,69516650,C,T,ENSG00000110092,-0.011761985,High,otg_curated_191108,1,1,Breast cancer,GCST,TRUE
GCST004988,7,101909160,G,A,ENSG00000257923,0.170000852,High,otg_curated_191108,1,1,Breast cancer,GCST,TRUE
GCST004988,12,14260997,G,C,ENSG00000171681,0.14594673,High,otg_curated_191108,1,1,Breast cancer,GCST,TRUE
GCST005028_2,7,100689872,C,G,ENSG00000087085,,Medium,ChEMBL_IV,2,1,Pursuit maintenance gain in psychotic disorders [African],GCST,FALSE
GCST004988,13,32398489,A,T,ENSG00000139618,0.315111667,High,otg_curated_191108,1,1,Breast cancer,GCST,TRUE
GCST004950,11,69564393,C,A,ENSG00000110092,-0.011761985,High,otg_curated_191108,1,1,Breast cancer,GCST,FALSE
GCST004988,5,56731413,A,G,ENSG00000095015,0.127187663,High,otg_curated_191108,1,1,Breast cancer,GCST,TRUE
GCST004988,10,121580917,GC,G,ENSG00000066468,0.067148619,High,otg_curated_191108,1,1,Breast cancer,GCST,TRUE
GCST004988,17,30853978,C,A,ENSG00000196712,0.209888066,High,otg_curated_191108,1,1,Breast cancer,GCST,TRUE
GCST004988,2,217056046,G,T,ENSG00000115461,0.047974887,High,otg_curated_191108,1,1,Breast cancer,GCST,TRUE
GCST004988,5,44706396,A,G,ENSG00000070193,,High,otg_curated_191108,1,1,Breast cancer,GCST,TRUE
GCST004988,3,30643415,C,T,ENSG00000163513,,High,otg_curated_191108,1,1,Breast cancer,GCST,TRUE
GCST004988,4,105152352,A,G,ENSG00000168769,,High,otg_curated_191108,1,1,Breast cancer,GCST,TRUE
GCST000833,19,10362257,A,G,ENSG00000079999,0.269432379,Medium,ChEMBL_III,2,1,Psoriasis,GCST,FALSE
GCST000964,4,46541289,A,G,ENSG00000151834,,High,ChEMBL_IV,1,1,Ulcerative colitis,GCST,TRUE
GCST000925_3,14,65291924,G,A,ENSG00000033170,0.101916466,High,ProGeM,1,1,N-glycan levels [DG1],GCST,FALSE
GCST000987,9,120878222,T,C,ENSG00000106804,0.228012015,High,ChEMBL_IV,1,1,Celiac disease or Rheumatoid arthritis,GCST,FALSE
GCST000914,2,48751020,A,G,ENSG00000170820,,Medium,ChEMBL_IV,2,1,Polycystic ovary syndrome,GCST,FALSE
GCST000879,6,31574531,T,C,ENSG00000232810,,High,ChEMBL_IV,1,1,Crohn's disease,GCST,FALSE
GCST000964,7,44572630,G,A,ENSG00000196262,0.009431504,Medium,ChEMBL_IV,2,1,Ulcerative colitis,GCST,TRUE
GCST002221,6,116016340,G,A,ENSG00000111816,0.020490616,High,otg_curated_191108,1,1,"Cholesterol, total",GCST,TRUE
GCST002201,20,54157888,A,G,ENSG00000019186,,High,ProGeM,1,1,Calcium levels,GCST,FALSE
GCST002221,6,160589086,A,G,ENSG00000198670,,High,ProGeM,1,1,"Cholesterol, total",GCST,TRUE
GCST002221,1,234717659,A,G,ENSG00000168264,0.142191341,High,ProGeM,1,1,"Cholesterol, total",GCST,TRUE
GCST002221,2,168973645,G,A,ENSG00000073734,,High,ProGeM,1,1,"Cholesterol, total",GCST,TRUE
GCST002221,22,46231706,C,T,ENSG00000186951,,High,ProGeM,1,1,"Cholesterol, total",GCST,TRUE
GCST002087,1,45513003,T,C,ENSG00000132763,0.197505699,High,ProGeM,1,1,Homocysteine levels,GCST,FALSE
GCST002073,18,63126316,C,T,ENSG00000171791,,High,ChEMBL_IV,1,1,Chronic lymphocytic leukemia,GCST,FALSE
GCST002087,6,49414480,G,A,ENSG00000146085,0.199424715,High,ProGeM,1,1,Homocysteine levels,GCST,FALSE
GCST002087,16,89641688,G,A,ENSG00000015413,-0.066918044,High,ProGeM,1,1,Homocysteine levels,GCST,FALSE
GCST002087,1,11796321,G,A,ENSG00000177000,0.253741714,High,ProGeM,1,1,Homocysteine levels,GCST,FALSE
GCST002221,1,62679768,G,A,ENSG00000116641,0.215732833,High,otg_curated_191108,1,1,"Cholesterol, total",GCST,TRUE
GCST002222,1,55039974,G,T,ENSG00000169174,-0.032166165,High,ProGeM,1,1,LDL cholesterol,GCST,TRUE
GCST002221,9,2640759,A,G,ENSG00000147852,-0.010243133,High,ProGeM,1,1,"Cholesterol, total",GCST,TRUE
GCST002201,3,122284910,G,T,ENSG00000036828,,High,ProGeM,1,1,Calcium levels,GCST,FALSE
GCST002221,1,62679768,G,A,ENSG00000132855,,High,otg_curated_191108,1,1,"Cholesterol, total",GCST,TRUE
GCST002195_2,15,51232095,A,G,ENSG00000137869,,High,ProGeM,1,1,Hormone measurements [Oestradiol],GCST,FALSE
GCST002087,1,236885376,G,T,ENSG00000116984,0.232190108,High,ProGeM,1,1,Homocysteine levels,GCST,FALSE
GCST002196,15,45360505,C,T,ENSG00000171766,0.089597155,High,ProGeM,1,1,Homoarginine levels,GCST,FALSE
GCST002073,18,63126688,T,C,ENSG00000171791,,High,ChEMBL_IV,1,1,Chronic lymphocytic leukemia,GCST,FALSE
GCST001216,10,93588425,T,C,ENSG00000138207,0.067872609,High,ProGeM,1,1,Retinol levels,GCST,FALSE
GCST001049,1,94587797,T,G,ENSG00000117525,0.022130833,High,ProGeM,1,1,D-dimer levels,GCST,FALSE
GCST001181,6,31440051,T,C,ENSG00000232810,,Medium,ChEMBL_III,2,1,Drug-induced Stevens-Johnson syndrome or toxic epidermal necrolysis (SJS/TEN),GCST,FALSE
GCST001049,1,169508336,A,C,ENSG00000198734,0.034989149,High,ProGeM,1,1,D-dimer levels,GCST,FALSE
GCST001209,13,113040195,A,G,ENSG00000126218,0.125370387,High,ChEMBL_IV,1,1,Osteoarthritis,GCST,FALSE
GCST001149_2,6,31398010,G,A,ENSG00000232810,,Medium,ChEMBL_IV,2,1,Ankylosing spondylitis [less than],GCST,FALSE
GCST001142,19,15879621,C,T,ENSG00000186115,,High,ProGeM,1,1,Vitamin E levels,GCST,FALSE
GCST001217_30,6,85407411,A,G,ENSG00000135318,0.046116832,High,ProGeM,1,1,Metabolic traits [inosine + 1 other trait],GCST,FALSE
GCST001148,X,67801708,C,T,ENSG00000169083,,High,ChEMBL_IV,1,1,Prostate cancer,GCST,FALSE
GCST001179,6,10982740,T,C,ENSG00000197977,,High,ProGeM,1,1,Plasma omega-3 polyunsaturated fatty acid levels (docosapentaenoic acid),GCST,FALSE
GCST001216,18,31607316,A,C,ENSG00000118271,,High,ProGeM,1,1,Retinol levels,GCST,FALSE
GCST002443_99,11,18303599,C,T,ENSG00000134333,-0.082037902,High,ProGeM,1,1,Blood metabolite levels [alpha-hydroxyisovalerate],GCST,FALSE
GCST002443_83,6,4145964,T,C,ENSG00000198721,-0.021184379,High,ProGeM,1,1,Blood metabolite levels [X-13435],GCST,FALSE
GCST002443_58,22,19963748,G,A,ENSG00000093010,0.034138925,High,ProGeM,1,1,Blood metabolite levels [X-11593--O-methylascorbate],GCST,FALSE
GCST002443_9,8,18414928,C,T,ENSG00000156006,,High,ProGeM,1,1,Blood metabolite levels [1-methylxanthine],GCST,FALSE
GCST002549_8,22,42130692,G,A,ENSG00000100197,,High,ProGeM,1,1,Response to serotonin reuptake inhibitors in major depressive disorder (plasma drug and metabolite levels) [S-DDCT concentration],GCST,FALSE
GCST002539,2,161989345,G,A,ENSG00000197635,0.004163996,High,ChEMBL_IV,1,1,Schizophrenia,GCST,FALSE
GCST002443_71,17,7012082,C,G,ENSG00000108839,,High,ProGeM,1,1,Blood metabolite levels [X-12441--12-hydroxyeicosatetraenoate (12-HETE],GCST,FALSE
GCST002443_59,1,171111474,G,C,ENSG00000007933,,High,ProGeM,1,1,Blood metabolite levels [X-11786--methylcysteine],GCST,FALSE
GCST002443_69,8,39965626,A,T,ENSG00000131203,-0.031437083,High,ProGeM,1,1,Blood metabolite levels [X-12100--hydroxytryptophan],GCST,FALSE
GCST002443_99,1,119410153,T,C,ENSG00000116882,,High,ProGeM,1,1,Blood metabolite levels [alpha-hydroxyisovalerate],GCST,FALSE
GCST002443_82,2,210009522,T,C,ENSG00000115361,,High,ProGeM,1,1,Blood metabolite levels [X-13431--nonanoylcarnitine],GCST,FALSE
GCST002443_49,5,35967898,C,A,ENSG00000145626,,High,ProGeM,1,1,"Blood metabolite levels [X-11445--5-alpha-pregnan-3beta,20alpha-disulfate]",GCST,FALSE
GCST002453,6,31481085,C,A,ENSG00000232810,,High,ChEMBL_IV,1,1,Ulcerative colitis,GCST,FALSE
GCST002443_68,2,134873830,C,T,ENSG00000153086,,High,ProGeM,1,1,Blood metabolite levels [X-12095--N1-methyl-3-pyridone-4-carboxamide],GCST,FALSE
GCST002443_44,22,50625049,T,C,ENSG00000100299,0.129714993,High,ProGeM,1,1,Blood metabolite levels [X-11423--O-sulfo-L-tyrosine],GCST,FALSE
GCST002549_7,10,94922089,G,A,ENSG00000165841,,High,ProGeM,1,1,Response to serotonin reuptake inhibitors in major depressive disorder (plasma drug and metabolite levels) [S-DCT/S-CT ratio],GCST,FALSE
GCST002443_70,3,30712081,A,G,ENSG00000144644,,High,ProGeM,1,1,Blood metabolite levels [X-12244--N-acetylcarnosine],GCST,FALSE
GCST005581,3,119501087,G,A,ENSG00000121594,,High,ChEMBL_IV,1,1,Primary biliary cirrhosis,GCST,TRUE
GCST005537,9,34710263,G,A,ENSG00000147955,0.088311904,High,ChEMBL_IV,1,1,"Chronic inflammatory diseases (ankylosing spondylitis, Crohn's disease, psoriasis, primary sclerosing cholangitis, ulcerative colitis) (pleiotropy) [subset analysis]",GCST,FALSE
GCST001856_4,9,136197833,G,A,ENSG00000107187,,High,ProGeM,1,1,Thyroid hormone levels [FT4],GCST,FALSE
GCST001856_4,1,53909897,C,A,ENSG00000211452,,High,ProGeM,1,1,Thyroid hormone levels [FT4],GCST,FALSE
GCST001791,4,9942428,A,G,ENSG00000109667,,High,ProGeM,1,1,Urate levels,GCST,TRUE
GCST001840,1,211744902,T,A,ENSG00000123684,0.186045975,High,ProGeM,1,1,Stearic acid (18:0) levels,GCST,FALSE
GCST001791,1,145711327,A,C,ENSG00000174827,0.148575926,High,ProGeM,1,1,Urate levels,GCST,TRUE
GCST001791,4,88131171,G,T,ENSG00000118777,,High,ProGeM,1,1,Urate levels,GCST,TRUE
GCST001768,6,31368641,G,A,ENSG00000232810,,Medium,ChEMBL_III,2,1,Behcet's disease,GCST,FALSE
GCST001351,7,127524904,A,G,ENSG00000106331,,High,T2D Knowledge Portal,1,1,Type 2 diabetes,GCST,FALSE
GCST001264_2,17,7618597,G,T,ENSG00000129214,,High,ProGeM,1,1,Testosterone levels [Testosterone],GCST,FALSE
GCST001238,6,31648589,G,A,ENSG00000232810,,High,ChEMBL_IV,1,1,Hypertension,GCST,FALSE
GCST001351,20,44318326,T,G,ENSG00000101076,-0.204226385,High,T2D Knowledge Portal,1,1,Type 2 diabetes,GCST,FALSE
GCST002679,22,37066896,A,G,ENSG00000187045,,High,ProGeM,1,1,Iron status biomarkers (iron levels),GCST,FALSE
GCST002690,19,8216751,G,A,ENSG00000090661,0.007330933,High,ProGeM,1,1,Very long-chain saturated fatty acid levels (fatty acid 20:0),GCST,FALSE
GCST002679,7,100638347,C,A,ENSG00000106327,,High,ProGeM,1,1,Iron status biomarkers (iron levels),GCST,FALSE
GCST002740_4,5,159332892,A,G,ENSG00000113302,,High,ChEMBL_IV,1,1,Inflammatory skin disease [Psoriasis],GCST,FALSE
GCST002712_9,12,6966719,C,T,ENSG00000111684,0.201123238,High,ProGeM,1,1,Red blood cell fatty acid levels [OA],GCST,FALSE
GCST002679,6,26092913,G,A,ENSG00000010704,,High,ProGeM,1,1,Iron status biomarkers (iron levels),GCST,FALSE
GCST002679,3,133758857,T,G,ENSG00000091513,0.085886965,High,ProGeM,1,1,Iron status biomarkers (iron levels),GCST,FALSE
GCST002766,6,44003090,G,A,ENSG00000112715,,Medium,ChEMBL_III,2,1,Exudative age-related macular degeneration,GCST,FALSE
GCST007201,11,113345201,G,A,ENSG00000149295,,High,ChEMBL_IV,1,1,Schizophrenia,GCST,FALSE
GCST007236,20,46065258,G,A,ENSG00000100985,,Medium,ChEMBL_III,2,1,Breast cancer,GCST,FALSE
GCST007201,3,52594040,C,A,ENSG00000010322,0.136643544,Medium,ChEMBL_IV,2,1,Schizophrenia,GCST,FALSE
GCST007257,1,150143798,A,G,ENSG00000159164,,Medium,ChEMBL_III,2,1,Broad depression or schizophrenia,GCST,FALSE
GCST007236,20,46246518,C,T,ENSG00000100985,,Medium,ChEMBL_III,2,1,Breast cancer,GCST,FALSE
GCST007236,20,58792844,A,G,ENSG00000101162,,Medium,ChEMBL_IV,2,1,Breast cancer,GCST,FALSE
GCST007236,20,59084069,A,G,ENSG00000101162,,High,ChEMBL_IV,1,1,Breast cancer,GCST,FALSE
GCST000675_2,15,63445726,T,G,ENSG00000074410,-0.057703721,High,ChEMBL_IV,1,1,Heart failure [EA],GCST,FALSE
GCST000568,2,168906638,T,C,ENSG00000152254,,High,ProGeM,1,1,Fasting blood glucose,GCST,TRUE
GCST000679,1,113834946,A,G,ENSG00000134242,,High,Eric Fauman Twitter,1,1,Rheumatoid arthritis,GCST,TRUE
GCST000563,6,31368323,C,A,ENSG00000232810,,Medium,ChEMBL_IV,2,1,Ankylosing spondylitis,GCST,FALSE
GCST007516,11,17388025,T,C,ENSG00000187486,,High,T2D Knowledge Portal,1,1,Type 2 diabetes (adjusted for BMI),GCST,FALSE
GCST007516,19,19268740,C,T,ENSG00000213996,,High,T2D Knowledge Portal,1,1,Type 2 diabetes (adjusted for BMI),GCST,FALSE
GCST007515,8,19962213,C,G,ENSG00000175445,,High,T2D Knowledge Portal,1,1,Type 2 diabetes,GCST,FALSE
GCST007515,5,75707853,T,C,ENSG00000152359,0.389751568,High,T2D Knowledge Portal,1,1,Type 2 diabetes,GCST,FALSE
GCST007515,2,27508073,T,C,ENSG00000084734,,High,T2D Knowledge Portal,1,1,Type 2 diabetes,GCST,FALSE
GCST007515,12,27714794,G,A,ENSG00000087448,,Medium,T2D Knowledge Portal,2,1,Type 2 diabetes,GCST,FALSE
GCST007516,6,7231610,G,A,ENSG00000124782,0.117754632,High,T2D Knowledge Portal,1,1,Type 2 diabetes (adjusted for BMI),GCST,FALSE
GCST005196,6,160585045,C,T,ENSG00000122194,,Medium,ChEMBL_IV,2,1,Coronary artery disease,GCST,FALSE
GCST005196,4,155515365,A,C,ENSG00000061918,-0.041406855,Medium,ChEMBL_III,2,1,Coronary artery disease,GCST,FALSE
GCST005194,4,155714157,G,A,ENSG00000061918,-0.041406855,High,ChEMBL_IV,1,1,Coronary artery disease,GCST,TRUE
GCST005194,9,22098575,A,G,ENSG00000147883,,High,Eric Fauman Twitter,1,1,Coronary artery disease,GCST,TRUE
GCST005194,6,160690668,C,T,ENSG00000122194,,High,ChEMBL_IV,1,1,Coronary artery disease,GCST,TRUE
GCST005315,14,23119848,G,A,ENSG00000100804,0.531069276,Medium,ChEMBL_III,2,1,Acute lymphoblastic leukemia (childhood),GCST,FALSE
GCST005196,6,160666831,T,C,ENSG00000122194,,High,ChEMBL_IV,1,1,Coronary artery disease,GCST,FALSE
GCST005196,13,112977466,A,C,ENSG00000126218,0.125370387,Medium,ChEMBL_IV,2,1,Coronary artery disease,GCST,FALSE
GCST005194,9,22098575,A,G,ENSG00000147889,0.048444793,High,Eric Fauman Twitter,1,1,Coronary artery disease,GCST,TRUE
GCST003665_10,1,161220460,T,C,ENSG00000158874,,High,ProGeM,1,1,Metabolite levels (lipoprotein measures) [Phospholipids in very large HDL],GCST,FALSE
GCST003666_7,16,81031677,C,T,ENSG00000140905,0.047555771,High,ProGeM,1,1,Metabolite levels (small molecules and protein measures) [Glycine],GCST,FALSE
GCST003666_12,16,69945368,C,T,ENSG00000090857,0.123167163,High,ProGeM,1,1,Metabolite levels (small molecules and protein measures) [Pyruvate],GCST,FALSE
GCST003666_13,6,111222741,C,A,ENSG00000112394,,High,ProGeM,1,1,Metabolite levels (small molecules and protein measures) [Tyrosine],GCST,FALSE
GCST003666_3,17,6692079,A,C,ENSG00000141485,,High,ProGeM,1,1,Metabolite levels (small molecules and protein measures) [Citrate],GCST,FALSE
GCST003666_11,12,102848618,A,G,ENSG00000171759,,High,ProGeM,1,1,Metabolite levels (small molecules and protein measures) [Phenylalanine],GCST,FALSE
GCST003666_10,12,95921017,C,A,ENSG00000084110,,High,ProGeM,1,1,Metabolite levels (small molecules and protein measures) [Histidine],GCST,FALSE
GCST003666_6,12,56471554,A,G,ENSG00000135423,,High,ProGeM,1,1,Metabolite levels (small molecules and protein measures) [Glutamine],GCST,FALSE
GCST003666_15,4,88285078,A,C,ENSG00000163644,,High,ProGeM,1,1,Metabolite levels (small molecules and protein measures) [Valine],GCST,FALSE
GCST003666,12,46808031,A,G,ENSG00000139209,,High,ProGeM,1,1,Metabolite levels (small molecules and protein measures) [Alanine],GCST,FALSE
GCST003666_3,22,19174422,C,T,ENSG00000100075,0.04558579,High,ProGeM,1,1,Metabolite levels (small molecules and protein measures) [Citrate],GCST,FALSE
GCST003665,20,45923216,T,C,ENSG00000100979,0.135948593,High,ProGeM,1,1,Metabolite levels (lipoprotein measures) [Concentration of small HDL particles],GCST,FALSE
GCST001445_2,4,89716450,G,A,ENSG00000145335,-0.034484508,High,otg_curated_191108,1,1,Parkinson's disease [EA],GCST,FALSE
GCST001391_3,2,64993776,T,C,ENSG00000115902,0.045512958,High,ProGeM,1,1,"Metabolite levels [Ala, Val]",GCST,FALSE
GCST001414_2,6,32168770,T,G,ENSG00000204310,0.200265685,High,ProGeM,1,1,Phospholipid levels (plasma) [proportions],GCST,FALSE
GCST001392_5,11,68794860,C,T,ENSG00000110090,0.025240148,High,ProGeM,1,1,Lipid metabolism phenotypes [LA/PUFA],GCST,FALSE
GCST001391_10,16,71600908,A,T,ENSG00000198650,,High,ProGeM,1,1,"Metabolite levels [Phe, Tyr]",GCST,FALSE
GCST001421,10,102863821,C,T,ENSG00000214435,,High,ProGeM,1,1,Arsenic metabolism [DMA%],GCST,FALSE
GCST001608,11,64696613,T,A,ENSG00000197891,,High,ProGeM,1,1,Renal function-related traits (urea),GCST,FALSE
GCST001413,4,47549846,T,G,ENSG00000145246,,High,ProGeM,1,1,Sphingolipid levels [levels],GCST,FALSE
GCST007072,11,103082247,A,G,ENSG00000137745,,Medium,ChEMBL_IV,2,1,Cardiovascular disease,GCST,FALSE
GCST007072,7,150993088,C,T,ENSG00000055118,,High,ChEMBL_IV,1,1,Cardiovascular disease,GCST,FALSE
GCST007072,13,31671676,C,A,ENSG00000133105,,High,ChEMBL_IV,1,1,Cardiovascular disease,GCST,FALSE
GCST007072,10,114045297,G,C,ENSG00000043591,,High,ChEMBL_IV,1,1,Cardiovascular disease,GCST,FALSE
GCST007072,3,11467491,C,T,ENSG00000196639,,Medium,ChEMBL_IV,2,1,Cardiovascular disease,GCST,FALSE
GCST007072,4,99318162,T,C,ENSG00000138823,,Medium,ChEMBL_IV,2,1,Cardiovascular disease,GCST,FALSE
GCST003119_11,5,35037010,C,T,ENSG00000113492,,High,ProGeM,1,1,Urinary metabolites [3-aminoisobutyrate],GCST,FALSE
GCST003219_2,19,1031439,C,T,ENSG00000197766,0.024185525,Medium,ChEMBL_III,2,1,Advanced age-related macular degeneration [EA],GCST,FALSE
GCST003119_17,3,38354071,T,C,ENSG00000093217,0.174247937,High,ProGeM,1,1,Urinary metabolites [glycolate],GCST,FALSE
GCST003183,3,46410189,A,G,ENSG00000160791,,High,ChEMBL_IV,1,1,Setpoint viral load in HIV-1 infection,GCST,FALSE
GCST003217,7,73448919,T,G,ENSG00000009950,,High,ProGeM,1,1,Triglycerides,GCST,FALSE
GCST003116_2,22,24262890,G,T,ENSG00000128271,,Medium,ChEMBL_III,2,1,Coronary artery disease [additive model],GCST,FALSE
GCST003117,6,39156672,T,G,ENSG00000112164,,High,ChEMBL_IV,1,1,Myocardial infarction,GCST,FALSE
GCST003119_14,3,45772602,G,A,ENSG00000163817,,High,ProGeM,1,1,"Urinary metabolites [N,N-dimethylglycine/alanine]",GCST,FALSE
GCST003148,14,64227194,C,T,ENSG00000140009,,Medium,ChEMBL_III,2,1,Prostate cancer,GCST,FALSE
GCST001634,2,48974473,C,T,ENSG00000170820,,High,ChEMBL_IV,1,1,Polycystic ovary syndrome,GCST,FALSE
GCST002586,20,22600630,T,C,ENSG00000125798,,High,ProGeM,1,1,Fasting plasma glucose,GCST,FALSE
GCST002662,6,151633699,A,G,ENSG00000091831,0.09668395,High,ChEMBL_IV,1,1,Breast cancer,GCST,FALSE
GCST002560_2,11,2157440,G,A,ENSG00000167244,0.124582895,High,T2D Knowledge Portal,1,1,Type 2 diabetes [AA],GCST,FALSE
GCST002623,6,131603549,G,A,ENSG00000118520,,High,ProGeM,1,1,L-arginine levels,GCST,FALSE
GCST002652,4,68807835,C,A,ENSG00000109181,,High,ProGeM,1,1,Cotinine glucuronidation,GCST,FALSE
GCST002559_2,10,17114152,A,G,ENSG00000107611,,High,ProGeM,1,1,Vitamin B levels in ischemic stroke [Vitamin B12],GCST,FALSE
GCST005527,5,159242905,C,T,ENSG00000113302,,High,ChEMBL_IV,1,1,Psoriasis,GCST,TRUE
GCST005536,10,6052734,C,T,ENSG00000134460,,Medium,ChEMBL_III,2,1,Type 1 diabetes,GCST,TRUE
GCST005527,1,116744732,G,A,ENSG00000116824,,High,ChEMBL_IV,1,1,Psoriasis,GCST,TRUE
GCST005531,19,10631494,A,G,ENSG00000180739,,Medium,ChEMBL_III,2,1,Multiple sclerosis,GCST,TRUE
GCST005531,10,6079323,T,C,ENSG00000134460,,Medium,ChEMBL_III,2,1,Multiple sclerosis,GCST,TRUE
GCST005536,10,6087680,C,T,ENSG00000134460,,Medium,ChEMBL_III,2,1,Type 1 diabetes,GCST,TRUE
SAIGE_594_1,5,177372991,T,C,ENSG00000131183,,High,Eric Fauman Twitter,1,1,Calculus of kidney,SAIGE,TRUE
SAIGE_740_1,3,52422957,A,G,ENSG00000239732,,Medium,ChEMBL_III,2,1,Osteoarthritis; localized,SAIGE,TRUE
SAIGE_594,13,42127603,A,T,ENSG00000120659,,High,Eric Fauman Twitter,1,1,Urinary calculus,SAIGE,TRUE
SAIGE_594_1,1,21577881,A,C,ENSG00000162551,-0.00742883,High,Eric Fauman Twitter,1,1,Calculus of kidney,SAIGE,TRUE
SAIGE_571,22,43928850,C,T,ENSG00000100344,,High,Eric Fauman Twitter,1,1,Chronic liver disease and cirrhosis,SAIGE,TRUE
SAIGE_594_1,21,36446573,A,G,ENSG00000159261,,High,Eric Fauman Twitter,1,1,Calculus of kidney,SAIGE,TRUE
SAIGE_594_1,16,20355185,T,C,ENSG00000169344,,High,Eric Fauman Twitter,1,1,Calculus of kidney,SAIGE,TRUE
GCST000697,11,71456403,G,T,ENSG00000172893,0.171266465,High,ProGeM,1,1,Vitamin D insufficiency,GCST,FALSE
GCST000703,1,21496799,C,T,ENSG00000162551,-0.00742883,High,ProGeM,1,1,Phosphorus levels,GCST,FALSE
GCST000697,11,14893332,A,G,ENSG00000186104,,High,ProGeM,1,1,Vitamin D insufficiency,GCST,FALSE
GCST000760,1,109275684,G,T,ENSG00000134243,0.13155798,High,otg_curated_191108,1,1,"Cholesterol, total",GCST,TRUE
GCST000756,1,155192276,C,T,ENSG00000185499,-0.0154914,High,ProGeM,1,1,Magnesium levels,GCST,FALSE
GCST000756,9,74884880,T,C,ENSG00000119121,,High,ProGeM,1,1,Magnesium levels,GCST,FALSE
GCST000760,20,35564866,C,T,ENSG00000214078,0.163981598,High,otg_curated_191108,1,1,"Cholesterol, total",GCST,TRUE
GCST000703,12,4497002,T,A,ENSG00000118972,,High,ProGeM,1,1,Phosphorus levels,GCST,FALSE
NEALE2_6152_5,4,186266940,T,G,ENSG00000088926,,High,Eric Fauman Twitter,1,1,"Blood clot in the leg (dvt) | blood clot, dvt, bronchitis, emphysema, asthma, rhinitis, eczema, allergy diagnosed by doctor",NEALE,TRUE
NEALE2_6151_5,1,65644601,C,T,ENSG00000116678,,High,Eric Fauman Twitter,1,1,Wrist | fractured bone site(s),NEALE,TRUE
NEALE2_6152_5,9,133267960,C,T,ENSG00000175164,,High,Eric Fauman Twitter,1,1,"Blood clot in the leg (dvt) | blood clot, dvt, bronchitis, emphysema, asthma, rhinitis, eczema, allergy diagnosed by doctor",NEALE,TRUE
NEALE2_6152_5,1,169549811,T,C,ENSG00000198734,0.034989149,High,Eric Fauman Twitter,1,1,"Blood clot in the leg (dvt) | blood clot, dvt, bronchitis, emphysema, asthma, rhinitis, eczema, allergy diagnosed by doctor",NEALE,TRUE
NEALE2_6152_5,20,35136754,GAA,G,ENSG00000101000,0.133201611,High,Eric Fauman Twitter,1,1,"Blood clot in the leg (dvt) | blood clot, dvt, bronchitis, emphysema, asthma, rhinitis, eczema, allergy diagnosed by doctor",NEALE,TRUE
NEALE2_6152_9,11,61026176,C,T,ENSG00000183134,,Medium,ChEMBL_III,2,1,"Hayfever, allergic rhinitis or eczema | blood clot, dvt, bronchitis, emphysema, asthma, rhinitis, eczema, allergy diagnosed by doctor",NEALE,TRUE
GCST004346,6,111608659,G,T,ENSG00000056972,0.305541811,High,Eric Fauman Twitter,1,1,Psoriasis,GCST,FALSE
GCST004346,12,56347444,G,A,ENSG00000110944,,High,ChEMBL_IV,1,1,Psoriasis,GCST,FALSE
GCST004346,19,10352442,G,C,ENSG00000079999,0.269432379,Medium,ChEMBL_III,2,1,Psoriasis,GCST,FALSE
GCST004346,5,159402519,A,T,ENSG00000113302,,High,ChEMBL_IV,1,1,Psoriasis,GCST,FALSE
GCST003327,16,89960104,T,C,ENSG00000258947,0.059306639,High,ChEMBL_IV,1,1,Squamous cell carcinoma,GCST,FALSE
GCST003400_2,7,127597258,T,C,ENSG00000106331,,High,T2D Knowledge Portal,1,1,Type 2 diabetes [Japanese],GCST,FALSE
GCST003468,6,2969044,C,T,ENSG00000137267,0.110703855,Medium,ChEMBL_III,2,1,Chronic lymphocytic leukemia,GCST,FALSE
GCST002043,7,80711306,C,A,ENSG00000135218,0.012479194,High,ProGeM,1,1,HDL cholesterol [AA],GCST,FALSE
GCST001919,7,127606849,G,A,ENSG00000106331,,High,T2D Knowledge Portal,1,1,Type 2 diabetes [East Asian],GCST,FALSE
GCST001914,8,97269961,G,A,ENSG00000180543,-0.049563764,High,ProGeM,1,1,Estradiol plasma levels (breast cancer),GCST,FALSE
GCST001884,6,43858890,C,T,ENSG00000112715,,High,ChEMBL_IV,1,1,Age-related macular degeneration,GCST,FALSE
GCST002041,1,151372265,T,G,ENSG00000143416,-0.018035786,High,ProGeM,1,1,Blood trace element (Cu levels),GCST,FALSE
GCST007692,1,239737706,G,C,ENSG00000133019,,High,ChEMBL_IV,1,1,Chronic obstructive pulmonary disease,GCST,FALSE
GCST007638,9,6550024,C,T,ENSG00000178445,-0.001653344,High,Eric Fauman Twitter,1,1,Glycine levels,GCST,FALSE
GCST007638,2,210678331,T,C,ENSG00000021826,-0.101055413,High,Eric Fauman Twitter,1,1,Glycine levels,GCST,FALSE
GCST007638,7,56011401,T,C,ENSG00000146733,0.094117675,High,Eric Fauman Twitter,1,1,Glycine levels,GCST,FALSE
GCST007638,3,126191538,C,T,ENSG00000144908,0.06104543,High,Eric Fauman Twitter,1,1,Glycine levels,GCST,FALSE
GCST007707,4,155745839,A,T,ENSG00000061918,-0.041406855,High,ChEMBL_IV,1,1,Hypertension [East Asian],GCST,FALSE
GCST007638,16,81077298,A,G,ENSG00000140905,0.047555771,High,Eric Fauman Twitter,1,1,Glycine levels,GCST,FALSE
GCST003925_2,11,64668434,C,T,ENSG00000168065,,High,ChEMBL_IV,1,1,Gout [Japanese],GCST,FALSE
GCST003845,2,28896719,A,T,ENSG00000171094,,High,otg_curated_191108,1,1,Breast cancer,GCST,FALSE
GCST003845,19,17283116,C,A,ENSG00000127220,,High,otg_curated_191108,1,1,Breast cancer,GCST,FALSE
GCST003845,13,73383544,A,G,ENSG00000102554,0.183022985,High,otg_curated_191108,1,1,Breast cancer,GCST,FALSE
NEALE2_1980,5,161984283,CA,C,ENSG00000113327,,High,ChEMBL_IV,1,1,Worrier / anxious feelings,NEALE,TRUE
NEALE2_20002_1065,12,47860570,T,A,ENSG00000111424,0.050835618,High,ChEMBL_IV,1,1,"Hypertension | non-cancer illness code, self-reported",NEALE,TRUE
NEALE2_20002_1065,10,113963919,C,G,ENSG00000043591,,High,ChEMBL_IV,1,1,"Hypertension | non-cancer illness code, self-reported",NEALE,TRUE
NEALE2_2000,11,88999788,T,C,ENSG00000168959,,High,Eric Fauman Twitter,1,1,Worry too long after embarrassment,NEALE,TRUE
NEALE2_20002_1065,1,153689947,G,A,ENSG00000169418,,High,ChEMBL_IV,1,1,"Hypertension | non-cancer illness code, self-reported",NEALE,TRUE
NEALE2_20002_1065,1,215131342,TATA,T,ENSG00000082482,,High,ChEMBL_IV,1,1,"Hypertension | non-cancer illness code, self-reported",NEALE,TRUE
NEALE2_30090_raw,3,128483046,C,T,ENSG00000179348,,High,Eric Fauman Twitter,1,1,Platelet crit,NEALE,TRUE
NEALE2_30090_raw,16,88493291,T,C,ENSG00000179588,,High,Eric Fauman Twitter,1,1,Platelet crit,NEALE,TRUE
NEALE2_30090_raw,20,59022916,G,C,ENSG00000101162,,High,Eric Fauman Twitter,1,1,Platelet crit,NEALE,TRUE
NEALE2_30090_raw,21,35021450,G,C,ENSG00000159216,0.129923337,High,Eric Fauman Twitter,1,1,Platelet crit,NEALE,TRUE
NEALE2_30090_raw,3,184372454,C,T,ENSG00000090534,,High,Eric Fauman Twitter,1,1,Platelet crit,NEALE,TRUE
GCST005077,16,4056787,C,A,ENSG00000005339,0.213193367,High,otg_curated_191108,1,1,Breast cancer,GCST,FALSE
GCST005077,11,108474788,G,GA,ENSG00000149311,-0.02533219,High,otg_curated_191108,1,1,Breast cancer,GCST,FALSE
GCST005077,19,29786822,C,T,ENSG00000105173,0.17451256,High,otg_curated_191108,1,1,Breast cancer,GCST,FALSE
GCST005077,19,11313027,C,G,ENSG00000187266,,Medium,ChEMBL_III,2,1,Breast cancer,GCST,FALSE
GCST000392,20,1629905,T,C,ENSG00000088832,0.132607191,Medium,ChEMBL_IV,2,1,Type 1 diabetes,GCST,FALSE
GCST000386,2,233763993,G,T,ENSG00000242366,,High,ProGeM,1,1,Bilirubin levels,GCST,FALSE
GCST000493_3,14,63768838,G,T,ENSG00000126821,0.073481523,High,ProGeM,1,1,Sphingolipid levels [SM 14:0Mol%],GCST,FALSE
GCST000324_3,16,81230992,T,G,ENSG00000135697,,High,ProGeM,1,1,Carotenoid and tocopherol levels [beta-carotene],GCST,FALSE
SAIGE_250_2,12,4275678,T,G,ENSG00000118971,,Medium,T2D Knowledge Portal,2,1,Type 2 diabetes,SAIGE,TRUE
SAIGE_351,19,8605262,C,T,ENSG00000142303,,High,Eric Fauman Twitter,1,1,Other peripheral nerve disorders,SAIGE,TRUE
SAIGE_351,15,66742474,G,A,ENSG00000137834,,High,Eric Fauman Twitter,1,1,Other peripheral nerve disorders,SAIGE,TRUE
SAIGE_241_2,15,49414220,T,C,ENSG00000140285,,High,Eric Fauman Twitter,1,1,Nontoxic multinodular goiter,SAIGE,TRUE
SAIGE_241_2,9,97776188,A,G,ENSG00000178919,,High,Eric Fauman Twitter,1,1,Nontoxic multinodular goiter,SAIGE,TRUE
SAIGE_351,15,100152748,G,A,ENSG00000140470,,High,Eric Fauman Twitter,1,1,Other peripheral nerve disorders,SAIGE,TRUE
SAIGE_351,2,55782247,C,A,ENSG00000115380,0.024795068,High,Eric Fauman Twitter,1,1,Other peripheral nerve disorders,SAIGE,TRUE
SAIGE_361,11,92874700,C,T,ENSG00000165323,,High,Eric Fauman Twitter,1,1,Retinal detachments and defects,SAIGE,TRUE
GCST002876,6,31396930,G,A,ENSG00000232810,,Medium,ChEMBL_III,2,1,Type 1 diabetes and autoimmune thyroid diseases,GCST,FALSE
GCST002831,9,113388911,A,G,ENSG00000148218,0.174455355,High,ProGeM,1,1,Lead levels in blood,GCST,FALSE
GCST006414,3,38730434,C,G,ENSG00000183873,,High,ChEMBL_IV,1,1,Atrial fibrillation,GCST,TRUE
GCST006414,7,150964321,G,A,ENSG00000055118,,High,ChEMBL_IV,1,1,Atrial fibrillation,GCST,TRUE
GCST006414,15,73374914,T,G,ENSG00000138622,,High,ChEMBL_IV,1,1,Atrial fibrillation,GCST,TRUE
GCST006414,13,113218398,T,C,ENSG00000126218,0.125370387,High,ChEMBL_IV,1,1,Atrial fibrillation,GCST,TRUE
GCST006414,5,143500967,G,C,ENSG00000113580,0.007876526,High,ChEMBL_IV,1,1,Atrial fibrillation,GCST,TRUE
NEALE2_20002_1331,11,59855905,C,A,ENSG00000134827,0.026286889,High,Eric Fauman Twitter,1,1,"Pernicious anaemia | non-cancer illness code, self-reported",NEALE,TRUE
NEALE2_20002_1094,11,46739505,G,A,ENSG00000180210,,High,ChEMBL_IV,1,1,"Deep venous thrombosis (dvt) | non-cancer illness code, self-reported",NEALE,TRUE
NEALE2_20002_1065,5,148967980,G,A,ENSG00000169252,,Medium,ChEMBL_IV,2,1,"Hypertension | non-cancer illness code, self-reported",NEALE,TRUE
NEALE2_20002_1438,9,5049092,G,T,ENSG00000096968,0.129147153,High,ChEMBL_IV,1,1,"Polycythaemia vera | non-cancer illness code, self-reported",NEALE,TRUE
NEALE2_20002_1065,2,26691496,C,T,ENSG00000171303,,High,ChEMBL_IV,1,1,"Hypertension | non-cancer illness code, self-reported",NEALE,TRUE
NEALE2_20002_1466,11,64584591,A,G,ENSG00000168065,,High,ChEMBL_IV,1,1,"Gout | non-cancer illness code, self-reported",NEALE,TRUE
NEALE2_20003_1140861958,19,44909976,G,T,ENSG00000130203,-0.045286238,High,Eric Fauman Twitter,1,1,Simvastatin | treatment/medication code,NEALE,TRUE
GCST004132,2,181443625,A,G,ENSG00000115232,0.031111934,High,ChEMBL_IV,1,1,Crohn's disease,GCST,TRUE
GCST004105,3,2943458,G,A,ENSG00000091181,,Medium,ChEMBL_III,2,1,Body mass index (change over time) in chronic obstructive pulmonary disease,GCST,FALSE
GCST007361,6,31392512,A,G,ENSG00000232810,,Medium,ChEMBL_IV,2,1,Acute anterior uveitis in ankylosing spondylitis,GCST,FALSE
GCST007342,14,64230319,T,C,ENSG00000140009,,High,ChEMBL_IV,1,1,Depression,GCST,FALSE
GCST007342,2,156254801,C,T,ENSG00000115159,0.068225731,Medium,ChEMBL_IV,2,1,Depression,GCST,FALSE
SAIGE_172,15,27985101,C,T,ENSG00000104044,,High,Eric Fauman Twitter,1,1,Skin cancer,SAIGE,TRUE
SAIGE_172,17,7668434,T,G,ENSG00000141510,0.193988866,High,Eric Fauman Twitter,1,1,Skin cancer,SAIGE,TRUE
NEALE2_1498,7,17244953,T,C,ENSG00000106546,-0.010124423,High,Eric Fauman Twitter,1,1,Coffee intake,NEALE,TRUE
NEALE2_1498,15,74735539,C,T,ENSG00000140505,,High,Eric Fauman Twitter,1,1,Coffee intake,NEALE,TRUE
NEALE2_1498,22,24375987,A,C,ENSG00000128271,,High,Eric Fauman Twitter,1,1,Coffee intake,NEALE,TRUE
NEALE2_1568,7,141973545,C,G,ENSG00000257138,,High,Eric Fauman Twitter,1,1,Average weekly red wine intake,NEALE,TRUE
GCST004748,6,30896502,C,T,ENSG00000196230,0.139788461,Medium,ChEMBL_III,2,1,Lung cancer,GCST,FALSE
NEALE2_1418_6,2,135950412,T,C,ENSG00000115850,,High,Eric Fauman Twitter,1,1,Never/rarely have milk | milk type used,NEALE,TRUE
NEALE2_1309,7,144026044,G,A,ENSG00000243896,,High,Eric Fauman Twitter,1,1,Fresh fruit intake,NEALE,TRUE
NEALE2_1200,5,1442864,C,T,ENSG00000142319,,High,ChEMBL_IV,1,1,Sleeplessness / insomnia,NEALE,TRUE
NEALE2_1319,14,21569994,C,T,ENSG00000169208,,High,Eric Fauman Twitter,1,1,Dried fruit intake,NEALE,TRUE
GCST005897,6,396321,C,T,ENSG00000137265,0.278594558,High,Eric Fauman Twitter,1,1,Low tan response,GCST,FALSE
GCST005897,20,34077942,A,G,ENSG00000101440,,High,Eric Fauman Twitter,1,1,Low tan response,GCST,FALSE
GCST005843,7,19009765,G,A,ENSG00000122691,,High,Eric Fauman Twitter,1,1,Ischemic stroke,GCST,FALSE
GCST005843,12,20424659,A,C,ENSG00000172572,-0.00215983,High,ChEMBL_IV,1,1,Ischemic stroke,GCST,FALSE
GCST007020,5,158916961,A,G,ENSG00000164330,,High,Eric Fauman Twitter,1,1,Male-pattern baldness,GCST,FALSE
GCST006980,17,43721487,G,C,ENSG00000167941,,High,Eric Fauman Twitter,1,1,Fractures,GCST,TRUE
GCST007020,14,94770878,T,C,ENSG00000133937,,High,Eric Fauman Twitter,1,1,Male-pattern baldness,GCST,FALSE
GCST006980,6,127147129,A,C,ENSG00000146374,,High,Eric Fauman Twitter,1,1,Fractures,GCST,TRUE
NEALE2_30530_raw,19,48756272,A,G,ENSG00000105550,,High,Eric Fauman Twitter,1,1,Sodium in urine,NEALE,TRUE
GCST004349,7,55067179,A,G,ENSG00000146648,-0.097204077,Medium,ChEMBL_III,2,1,Glioblastoma,GCST,FALSE
GCST004349,7,54848587,T,G,ENSG00000146648,-0.097204077,Medium,ChEMBL_III,2,1,Glioblastoma,GCST,FALSE
GCST004349,5,1279675,C,T,ENSG00000142319,,Medium,ChEMBL_III,2,1,Glioblastoma,GCST,FALSE
GCST006946,7,126738788,A,T,ENSG00000179603,,High,Eric Fauman Twitter,1,1,Worry too long after an embarrassing experience,GCST,TRUE
GCST006959,1,154454494,A,C,ENSG00000160712,,High,ChEMBL_IV,1,1,Rheumatoid arthritis,GCST,FALSE
NEALE2_2247_1,7,103421378,A,G,ENSG00000170615,,High,Eric Fauman Twitter,1,1,Yes | hearing difficulty/problems,NEALE,TRUE
NEALE2_22504,11,1119225,G,A,ENSG00000215182,,High,Eric Fauman Twitter,1,1,Bring up phlegm/sputum/mucus on most days,NEALE,TRUE
GCST004894,10,79182874,A,G,ENSG00000108175,0.158435294,Medium,T2D Knowledge Portal,2,1,Type 2 diabetes,GCST,FALSE
GCST004894,10,12265895,C,T,ENSG00000183049,0.017352652,Medium,T2D Knowledge Portal,2,1,Type 2 diabetes,GCST,FALSE
GCST007091,12,27862037,G,T,ENSG00000087494,,High,Eric Fauman Twitter,1,1,Osteoarthritis (hip),GCST,TRUE
GCST007091,9,126624581,C,T,ENSG00000136944,,High,Eric Fauman Twitter,1,1,Osteoarthritis (hip),GCST,TRUE
GCST007091,6,55772142,A,G,ENSG00000112175,,High,Eric Fauman Twitter,1,1,Osteoarthritis (hip),GCST,TRUE
GCST007091,1,103107371,A,G,ENSG00000060718,,High,Eric Fauman Twitter,1,1,Osteoarthritis (hip),GCST,TRUE
GCST007091,1,183937111,C,T,ENSG00000198756,,High,Eric Fauman Twitter,1,1,Osteoarthritis (hip),GCST,TRUE
NEALE2_23114_raw,20,35437976,A,G,ENSG00000125965,,High,Eric Fauman Twitter,1,1,Leg predicted mass (right),NEALE,TRUE
NEALE2_23114_raw,6,7705771,G,A,ENSG00000153162,,High,Eric Fauman Twitter,1,1,Leg predicted mass (right),NEALE,TRUE
NEALE2_23114_raw,20,6729191,A,G,ENSG00000125845,,High,Eric Fauman Twitter,1,1,Leg predicted mass (right),NEALE,TRUE
NEALE2_1717,9,16885019,G,A,ENSG00000173068,,High,Eric Fauman Twitter,1,1,Skin colour,NEALE,TRUE
NEALE2_1727,16,89920138,G,C,ENSG00000258839,,High,Eric Fauman Twitter,1,1,Ease of skin tanning,NEALE,TRUE
NEALE2_1717,5,33951588,C,G,ENSG00000164175,-0.073041139,High,Eric Fauman Twitter,1,1,Skin colour,NEALE,TRUE
GCST004441,2,32264782,T,C,ENSG00000091106,,High,otg_curated_191108,1,1,Interleukin-18 levels,GCST,TRUE
GCST007075,16,27360218,C,T,ENSG00000077238,,High,ChEMBL_IV,1,1,Eczema,GCST,FALSE
GCST007077,5,14767983,C,G,ENSG00000154122,,High,T2D Knowledge Portal,1,1,Type 2 diabetes,GCST,FALSE
GCST007077,10,69572545,C,T,ENSG00000122859,,High,T2D Knowledge Portal,1,1,Type 2 diabetes,GCST,FALSE
GCST005367,4,71748550,G,C,ENSG00000145321,,High,Eric Fauman Twitter,1,1,Vitamin D levels,GCST,TRUE
GCST005434,13,27919860,G,A,ENSG00000122025,,Medium,ChEMBL_III,2,1,Pancreatic cancer,GCST,FALSE
GCST005413,10,69706172,A,G,ENSG00000122859,,High,T2D Knowledge Portal,1,1,Type 2 diabetes,GCST,TRUE
GCST006612,19,11076648,C,G,ENSG00000130164,0.097045329,High,Eric Fauman Twitter,1,1,LDL cholesterol,GCST,FALSE
GCST004045,16,56956804,C,A,ENSG00000087237,,Medium,ChEMBL_III,2,1,"Age-related diseases, mortality and associated endophenotypes",GCST,FALSE
GCST007614,1,159709026,C,T,ENSG00000132693,,High,Eric Fauman Twitter,1,1,C-reactive protein levels,GCST,FALSE
SAIGE_420_2,2,112851991,C,T,ENSG00000125538,,Medium,ChEMBL_III,2,1,Pericarditis,SAIGE,TRUE
GCST006480,7,55091656,A,G,ENSG00000146648,-0.097204077,Medium,ChEMBL_III,2,1,Glioblastoma (age-stratified) [Above median age-at-diagnosis],GCST,FALSE
GCST003048,5,153229059,T,C,ENSG00000155511,,High,Eric Fauman Twitter,1,1,Schizophrenia,GCST,FALSE
GCST003044,1,186906327,G,T,ENSG00000073756,,Medium,ChEMBL_IV,2,1,Crohn's disease [EA],GCST,TRUE
GCST002964_2,20,12978750,T,C,ENSG00000172296,,High,ProGeM,1,1,Sphingolipid levels [Hydroxysphingomyeline C24:1],GCST,FALSE
GCST002932,1,219906686,A,G,ENSG00000196660,,High,ProGeM,1,1,Manganese levels,GCST,FALSE
GCST002961_2,10,59709780,T,C,ENSG00000165449,,High,ProGeM,1,1,Acylcarnitine levels [Carnitine],GCST,FALSE
GCST007066,18,13719511,G,A,ENSG00000177150,0.257690922,High,Eric Fauman Twitter,1,1,Heel bone mineral density,GCST,FALSE
GCST006433,18,62387624,A,C,ENSG00000141655,,High,Eric Fauman Twitter,1,1,Heel bone mineral density,GCST,FALSE
GCST006433,7,121322110,A,G,ENSG00000002745,,High,Eric Fauman Twitter,1,1,Heel bone mineral density,GCST,FALSE
GCST006145,11,2140300,C,T,ENSG00000167244,0.124582895,High,T2D Knowledge Portal,1,1,Type 2 diabetes,GCST,FALSE
GCST005980,2,233762816,G,T,ENSG00000241635,,High,Eric Fauman Twitter,1,1,Total bilirubin levels,GCST,FALSE
NEALE2_30260_raw,1,158626648,G,T,ENSG00000163554,,High,Eric Fauman Twitter,1,1,Mean reticulocyte volume,NEALE,TRUE
GCST007461,4,99318162,T,C,ENSG00000196616,,High,Eric Fauman Twitter,1,1,Alcohol consumption (drinks per week),GCST,FALSE
NEALE2_1717,15,28289631,C,T,ENSG00000104044,,High,Eric Fauman Twitter,1,1,Skin colour,NEALE,TRUE
NEALE2_1717,11,89284793,G,A,ENSG00000077498,,High,Eric Fauman Twitter,1,1,Skin colour,NEALE,TRUE
GCST006614,5,75360714,T,C,ENSG00000113161,0.350628489,High,Eric Fauman Twitter,1,1,Total cholesterol levels,GCST,FALSE
GCST006462,6,152241136,C,G,ENSG00000091831,0.09668395,Medium,ChEMBL_III,2,1,Uterine fibroids,GCST,FALSE
GCST006803,7,86798310,G,A,ENSG00000198822,,Medium,ChEMBL_III,2,1,Schizophrenia,GCST,FALSE
GCST000150,2,60493111,C,T,ENSG00000119866,,High,otg_curated_191108,1,1,Fetal hemoglobin levels,GCST,FALSE
NEALE2_23120_raw,18,60183694,GTCT,G,ENSG00000166603,,High,Eric Fauman Twitter,1,1,Arm fat mass (right),NEALE,TRUE
NEALE2_30090_raw,8,105569300,A,T,ENSG00000169946,,High,Eric Fauman Twitter,1,1,Platelet crit,NEALE,TRUE
GCST003997,16,7409346,T,A,ENSG00000078328,,High,Eric Fauman Twitter,1,1,Myopia,GCST,FALSE
